9.306657548157118072e+02	2.631322788262704080e+02
8.843223307443612384e+02	2.109983071334462750e+02
8.403731601735642016e+02	1.692531452757409340e+02
7.835060058707335884e+02	9.378621310192578164e+01
7.374192169723490906e+02	2.725937403743365195e+01
6.891711094367606165e+02	-3.862879605115875137e+01
4.706846338580545535e+02	-3.110268309854469067e+02
4.188959986874336892e+02	-3.756231517076614068e+02
3.759819513079315243e+02	-4.202609501118113258e+02
3.634218979857878935e+02	-4.303125171436684013e+02
3.234503475950581333e+02	-4.607953676848426880e+02
2.719639718305727456e+02	-4.380405157995879222e+02
8.585809273836606508e+02	2.887622931535328803e+02
8.240358287182983759e+02	2.391466169761853848e+02
7.647165228800288332e+02	2.114569902293080190e+02
3.109890335797663283e+02	-3.927606491938811928e+02
2.797273961052529216e+02	-4.123082227924667222e+02
2.565157742457838594e+02	-4.314481230439288311e+02
7.776444025556878614e+02	3.053654159790553990e+02
7.468377740819571500e+02	2.597218550576889129e+02
2.004497837957670470e+02	-3.891078620638345456e+02
1.981595050542366891e+02	-4.047502898416742028e+02
6.721737135937252106e+02	3.158853249205025122e+02
1.288880004271742621e+02	-3.025222951593545986e+02
6.154459026688796257e+02	3.679762718513718482e+02
6.539275651584028992e+01	-3.644912067750667006e+02
5.346049340740011075e+02	4.090541979366994951e+02
-2.300890523308494195e+01	-2.887621350730524910e+02
1.888691409868530968e+02	5.443613402305117006e+02
-3.383950350536059659e+02	-1.345250910854102244e+02
8.848714618640939022e+01	5.818625083597225967e+02
-4.172286020044684847e+02	-1.164310500336144401e+02
4.919665606438842431e+00	6.360348750122664114e+02
-5.002224704428787732e+02	-1.041334608553044632e+02
-8.065935633433329599e+01	6.608609783920114751e+02
-1.033917031036962015e+02	6.157182722072126353e+02
-5.794237393686055384e+02	-7.182167036352858247e+01
-5.822659776321642084e+02	-9.122243365936607518e+01
-1.574003332906688115e+02	6.748644884093520204e+02
-1.761616227805351116e+02	6.017056464871573098e+02
-2.069928527787817529e+02	5.720701621272085049e+02
-6.460602983594167199e+02	-3.783845606802667305e+01
-6.400920116887973563e+02	-6.743205788350736896e+01
-6.461336370198710028e+02	-5.530132160183903522e+01
-1.987977290102485597e+02	7.075645375809798452e+02
-2.207644867880634365e+02	6.610860718015460407e+02
-2.453788730254445056e+02	5.893044019486515026e+02
-3.012864163153407162e+02	5.474875075356916341e+02
-3.500181506280322878e+02	4.808391855595199900e+02
-3.784906106933241858e+02	4.130581753324981378e+02
-5.499907014328870218e+02	1.383494827012178803e+02
-6.142008269993169733e+02	7.277992847996637238e+01
-6.265096622281226928e+02	2.572868812060286103e+01
-6.735359394603246983e+02	-3.164741233805617071e+01
-7.168694589893217426e+02	-6.213648304117774757e+01
-6.955487267361705790e+02	-1.388607324707125770e+02
9.012794165768707444e+02	2.035315645378965712e+02
8.245184126525597321e+02	2.230373207599532179e+02
7.971506034932010607e+02	1.549640972592929700e+02
7.448604787632631314e+02	9.577728134562123330e+01
7.057650613500696863e+02	2.751919593017207788e+01
6.420265298613694540e+02	-3.283713263068388244e+01
4.447576036526741632e+02	-2.935241273123423866e+02
4.047819697061735837e+02	-3.208859478045461628e+02
3.638835465929074076e+02	-3.925464219258661274e+02
3.359214744201556186e+02	-4.094354376577293237e+02
3.162671007752011292e+02	-3.921297340026251277e+02
2.990318084491457284e+02	-4.517938150455594837e+02
8.196479832003195725e+02	2.740763890070545585e+02
7.832893477853157265e+02	2.279668943557732916e+02
7.496199447661084605e+02	1.372266819583027768e+02
6.908859371518869921e+02	1.125020301429789100e+02
3.160001911604003908e+02	-3.557468047892814411e+02
2.935753930011200055e+02	-3.730774412413016989e+02
2.763375229645031936e+02	-4.243144265725450168e+02
2.497031713080180850e+02	-4.016526387004131493e+02
7.357334664494989056e+02	2.949369965085241461e+02
7.098575869579560731e+02	2.475018912701494287e+02
1.954227350914810017e+02	-3.620175312447287865e+02
1.788243044076244530e+02	-3.877298148905003927e+02
6.656755136423189469e+02	3.119763501754796380e+02
6.318371220339018919e+02	2.650986698987067598e+02
1.430736088945538711e+02	-3.646612665075094242e+02
1.147861282205565914e+02	-3.425308763095729887e+02
5.803036764422247415e+02	3.506733994593119519e+02
4.968912272748054448e+01	-3.155577200060529890e+02
5.096025791811186991e+02	3.903497712071593924e+02
-3.518224809623630023e+01	-2.552299618118994999e+02
1.728164122755613619e+02	5.405234944315070607e+02
-3.359075573327820621e+02	-1.445388779463042681e+02
8.880432381306985690e+01	5.769548678022472359e+02
-4.000853559802723680e+02	-1.099477101534285026e+02
5.585680087836564667e+00	6.002125894598271998e+02
-9.602632847421208595e+00	5.413584915281879830e+02
-4.746627799524711691e+02	-8.021780505560670349e+01
-4.729018666489163252e+02	-1.091844027939242778e+02
-7.428607068975180994e+01	6.261014805980831852e+02
-9.904467824579820956e+01	5.826761939915737685e+02
-5.524546491334099301e+02	-7.434644184353307139e+01
-5.637293856994772341e+02	-9.050347744508039227e+01
-1.498361003990881386e+02	6.426510714405912950e+02
-1.675755148416914722e+02	5.695612760666738268e+02
-1.977966119285943307e+02	5.495051961850906537e+02
-2.461065046800757443e+02	4.949997501657815064e+02
-5.188812075081887087e+02	2.628188083180985757e+01
-5.953621423564923134e+02	-4.079658931899217578e+01
-6.051254029266043517e+02	-9.926511045067607597e+01
-6.135643865500885568e+02	-8.419035613608291158e+01
-1.860630956570650483e+02	6.688174714917050778e+02
-2.105587892794570450e+02	6.284817189155213555e+02
-2.400075621262622008e+02	5.784979102259707133e+02
-2.942820014708821645e+02	4.860887438830217206e+02
-3.328117681392702139e+02	4.563638211907042432e+02
-3.608102843273551912e+02	3.642828868562080515e+02
-5.285745296318568762e+02	1.294396192948968576e+02
-5.839892998016749743e+02	6.744612171428424574e+01
-6.085500321941758557e+02	1.024265510442101501e+01
-6.343978267548487793e+02	-3.159618751585117380e+01
-6.603599130436031146e+02	-8.913249406541089570e+01
-6.783227108806692058e+02	-8.008177991993714784e+01
8.486474688648047504e+02	2.424266098168259020e+02
8.020899139139171439e+02	1.944141517919088642e+02
7.454903362310144530e+02	1.425263210863025733e+02
7.184645323309317746e+02	9.395207901292505426e+01
6.680026504552072311e+02	4.808538209969438526e+01
6.048662648132670938e+02	-3.544272410414475161e+01
5.726590420299374955e+02	-9.550345160342928352e+01
5.214463724855115743e+02	-1.528069538356521093e+02
4.709916367861881099e+02	-2.210919373331920212e+02
4.240533151249071011e+02	-2.828437518706656988e+02
3.747241689710972992e+02	-3.401811248301494857e+02
3.315089949449749724e+02	-3.639076669417734138e+02
3.028115425161628309e+02	-3.561431451996817259e+02
2.950053727247934603e+02	-4.159228887578717604e+02
2.849564852560893087e+02	-4.343648221318311471e+02
7.753149972588537366e+02	2.597482044792398028e+02
7.429900336175841176e+02	2.169764073370821791e+02
7.000568608850018109e+02	1.727691058171070040e+02
6.565731880352562939e+02	1.107280980308485852e+02
2.969657088339717461e+02	-3.438435872144224845e+02
2.781928250803341029e+02	-3.550994980043100213e+02
2.476214682329310790e+02	-3.696765681374591850e+02
2.338623156859422068e+02	-3.823435323654697413e+02
7.006066528047279007e+02	2.770174962068890068e+02
6.729975199065239622e+02	2.345901817303912935e+02
6.298446698297273088e+02	1.895680743386049869e+02
2.156973407380937715e+02	-3.314330839367859198e+02
1.923695290210258975e+02	-3.041101998171986338e+02
1.767200399513725984e+02	-3.665365287131589866e+02
6.280715843348370981e+02	2.951453067525266079e+02
6.214747215027028915e+02	1.750501523316789871e+02
1.262987635562073478e+02	-3.251109740147395541e+02
1.125747388351861815e+02	-3.365872121321192481e+02
5.567126200381305807e+02	3.338018053714276903e+02
4.743406276378453867e+01	-2.975797535216562437e+02
4.823016734210809204e+02	3.695094939906641116e+02
-1.604322904479325373e+01	-2.283929870324614910e+02
4.012064306203562296e+02	4.105533803645242870e+02
-8.980028408201256696e+01	-2.303587456126533368e+02
3.192184152403549433e+02	4.364873969629916814e+02
-1.927988480387905383e+02	-2.041913161675366837e+02
2.477258327326602227e+02	4.689125744164539924e+02
-2.354400148735666960e+02	-1.678618303808665075e+02
1.648994783622421210e+02	5.059897195060391368e+02
-2.999802831825568887e+02	-1.432632855924397290e+02
8.513713858084712172e+01	5.394963039117318431e+02
-3.777972496550261212e+02	-1.053152095063426827e+02
8.332593894123844436e+00	5.658209662190324707e+02
-1.805103514956352839e+01	5.200242972285290080e+02
-4.496725025914076355e+02	-7.643275874269635040e+01
-4.109315931779697735e+02	-8.504654961769469423e+01
-8.452762004752459291e+01	5.863180518625798641e+02
-9.337922032275326956e+01	5.493525946424728090e+02
-1.223073072230637734e+02	5.044405910483619095e+02
-5.128363622196313827e+02	-4.583820071572048249e+01
-5.218312533738891261e+02	-6.614205509135635452e+01
-5.203177776553307012e+02	-8.135162836439180012e+01
-1.447613185570274084e+02	6.087514943831625942e+02
-1.556949494934299310e+02	5.570258013664914643e+02
-1.900942121872624284e+02	5.208926725414905832e+02
-2.359333305671744654e+02	4.657339234551618006e+02
-5.505096292061333543e+02	2.872868195771987043e+00
-5.784879226859018218e+02	-4.516340181371469953e+01
-5.782612893914381402e+02	-6.174685298332553884e+01
-5.897590665579297138e+02	-8.181144695848689707e+01
-1.805041034295281008e+02	6.128539609855749859e+02
-1.986905265356683401e+02	5.674622847612745318e+02
-2.239927449636657570e+02	5.356425958335380528e+02
-2.733475249905884539e+02	4.904861836424396984e+02
-2.981231006127147225e+02	4.300761436727087812e+02
-3.440026580175772324e+02	3.638637903316266033e+02
-3.942531318736720323e+02	3.111082780873317120e+02
-4.508388571898948385e+02	2.321972541618144987e+02
-4.625883812796200232e+02	1.649231320405322947e+02
-5.239889497777807037e+02	9.224276081129615079e+01
-5.576180151437687300e+02	7.306240214436920155e+01
-5.820389901584077279e+02	1.621626765016764082e+01
-6.026853215260211982e+02	-2.938026208843704623e+01
-6.617118216849884220e+02	-1.033659460022661847e+02
-6.420357738103800784e+02	-6.349766535591940197e+01
7.984153231145609197e+02	2.157125136280266133e+02
7.695940419476278294e+02	1.695536926947155791e+02
7.299554187065034512e+02	1.152383972839764112e+02
6.665946387638393844e+02	6.581005757589760208e+01
6.307265917496845304e+02	5.103924985092270106e+00
5.907956237185601367e+02	-5.315880905242124754e+01
5.444676006225295168e+02	-1.142537471833866647e+02
4.924223341168819275e+02	-1.688414745277117390e+02
4.456139952366335137e+02	-2.230084970895071876e+02
4.037143213251090401e+02	-2.881094200346976777e+02
3.579405907286399042e+02	-3.458222788504650680e+02
3.292732319939518106e+02	-3.791151021859095067e+02
3.068466422421172979e+02	-3.936936587364783691e+02
2.867898001619998922e+02	-3.798544087639193094e+02
2.754471746822974865e+02	-4.340808614527050509e+02
7.199901116770555518e+02	2.056662525007345437e+02
7.079109629376408748e+02	1.893734443269455596e+02
6.661192912725723545e+02	1.362916155320530720e+02
6.259480879580240753e+02	8.742919476111941890e+01
5.680534818884300421e+02	2.270973423497966692e+01
3.144090618663919940e+02	-3.193848103150025963e+02
2.897358815184649075e+02	-3.474239150108215881e+02
2.645357820634860673e+02	-3.553207914684679736e+02
2.431194731462172456e+02	-3.815192723941935355e+02
2.401226805762910601e+02	-3.913642331597810653e+02
6.803925502713553897e+02	2.215660921963539920e+02
6.416840697453869780e+02	2.034966108062932335e+02
5.969982702210229490e+02	1.517627025723507757e+02
2.058761728469391699e+02	-3.217491319560319312e+02
1.851483307092618986e+02	-3.538086547521172065e+02
1.692411888595509879e+02	-3.480114856536632715e+02
6.030680985053622862e+02	2.629757444686642884e+02
5.765221928954319992e+02	2.193607250517242164e+02
1.286559865883483837e+02	-3.253389469998930963e+02
1.072778458772562260e+02	-3.123894137237098221e+02
5.397292503180564154e+02	2.595597007646083512e+02
5.077873042138101027e+02	2.541501876042925687e+02
6.502600523043636827e+01	-2.544916286038410362e+02
5.536375779890001780e+01	-2.982465301051726669e+02
4.547274735903196188e+02	3.443141026962835554e+02
-1.168620743996274314e+01	-2.662313516014253878e+02
3.843879662163451485e+02	3.713818267269363105e+02
-8.271893051868877933e+01	-2.316198697530592483e+02
3.137877834553593175e+02	3.854993547594149845e+02
-1.376794022565524358e+02	-2.001966416709656755e+02
2.326736516601532117e+02	4.258033249694503297e+02
-2.182919737865040872e+02	-1.533266016979883659e+02
1.628049805193734869e+02	4.682779668267352235e+02
-2.826057924044192191e+02	-1.358571829650785503e+02
8.374832629526510175e+01	5.047391402227324875e+02
5.859364169969948932e+01	4.691507312008093322e+02
-3.521242947632335927e+02	-9.421053535237801668e+01
-3.533572855563238591e+02	-1.140219679126261525e+02
3.977892761558766921e+00	5.295794369914532354e+02
-1.460175028048227297e+01	4.923972877507841304e+02
-4.088401905455773431e+02	-7.875464269999199018e+01
-4.177289959170721545e+02	-9.907554195144078335e+01
-6.893250107394334236e+01	5.596610456277184085e+02
-8.617363762997551646e+01	5.138861135996551184e+02
-1.132197892752038655e+02	4.712287719980699308e+02
-4.808261980175029748e+02	-5.419906128535170353e+01
-4.901839021009166117e+02	-7.351240373847539900e+01
-4.931395096498996509e+02	-9.025546445107822535e+01
-1.385717090032691772e+02	5.503047632806366209e+02
-1.508023899569683977e+02	5.291276649961355361e+02
-1.773527037487479561e+02	4.916835346934093423e+02
-2.142032699417808317e+02	4.412980190391805309e+02
-2.526301451628131076e+02	3.789703639896154641e+02
-4.771771007116702208e+02	-4.086588307292201350e+00
-5.117330532871444007e+02	-9.092722680297530502e+00
-5.435672601744948906e+02	-5.265568186315789490e+01
-5.425512682882651916e+02	-6.874627010881074796e+01
-5.567924909991185132e+02	-8.880528914033332910e+01
-1.748046487574640082e+02	6.077097257315624574e+02
-2.001630694578397538e+02	5.661022383333903463e+02
-2.161666301803747672e+02	5.174066728213396118e+02
-2.326389040885190411e+02	3.979420007340974053e+02
-3.004930814113334350e+02	4.058404249086170807e+02
-3.223474886021604107e+02	3.233576045082631367e+02
-3.728850032358953399e+02	2.913352703253179357e+02
-4.000770707028885909e+02	2.312803512758738407e+02
-4.499821914384546062e+02	1.894787471139591446e+02
-4.815830130777258660e+02	1.041479552733054561e+02
-5.118769500504381540e+02	4.700766579714247229e+01
-5.581490625889464354e+02	2.410009108174485437e+00
-5.563108910187451102e+02	-3.514081605950978116e+01
-5.978525671331876765e+02	-4.948888532779305649e+01
-5.967916681206997964e+02	-7.971745217959546892e+01
7.641438415999035669e+02	1.854214721845133056e+02
7.295494561568270910e+02	1.434050554989393333e+02
6.811794939330375200e+02	7.397164981511586745e+01
6.459831875034587938e+02	5.307933787104632728e+01
5.844288036549073695e+02	3.994752412359925842e+00
5.509755717866028135e+02	-5.076340432307901551e+01
5.024228286277444795e+02	-1.211470096602736675e+02
4.634723300883619572e+02	-1.639402162049670153e+02
4.164797323587831102e+02	-2.188207585504157748e+02
3.696749367707182614e+02	-2.741956506030898026e+02
3.170639935925008785e+02	-3.375360093006886473e+02
3.039393838478846419e+02	-3.863898350251200782e+02
2.683994449251122205e+02	-4.054206063510774811e+02
2.745861420592357831e+02	-4.117045071823070543e+02
2.496980134466252821e+02	-4.349299241938298337e+02
7.047373500130227058e+02	2.060914073609488639e+02
6.654078088511315627e+02	1.609027441887096757e+02
6.304925128756354979e+02	1.189575739691698288e+02
5.892105595598848140e+02	6.284104733188042502e+01
5.335221378496460147e+02	2.059826709938338141e+01
4.953469844759454759e+02	-2.782401136263078456e+01
4.607809216803518098e+02	-8.550711131655526742e+01
3.712434138681886111e+02	-1.955503176336293336e+02
3.099520761676272400e+02	-2.184308794311849340e+02
2.873551854027333547e+02	-3.030268465667720648e+02
2.644702315365784671e+02	-3.556543052401033833e+02
2.336934484746143710e+02	-3.712297089230613096e+02
2.166285739699022201e+02	-3.885664245077433065e+02
2.033070496226627029e+02	-4.029700164092798218e+02
6.353502610163234294e+02	2.219327121604020761e+02
5.998814594690117019e+02	1.844927080366476559e+02
5.600744003025940856e+02	1.154424996493372504e+02
5.279957054100771074e+02	8.094010676399719273e+01
2.116485650319458784e+02	-3.042726178587944332e+02
1.884775775804743603e+02	-3.393556740616261322e+02
1.583052711177632261e+02	-3.166515409857993291e+02
1.493926848300431516e+02	-3.704632136527475836e+02
5.623193933154902879e+02	2.647307221059850804e+02
5.388839238281291273e+02	1.973504337758501492e+02
5.077484273469447089e+02	1.467923939804756230e+02
1.344420544137697959e+02	-3.202252059602641339e+02
1.140978296427282714e+02	-3.266903959564666593e+02
9.487740313844923890e+01	-3.159113884548335136e+02
4.919588257037734707e+02	2.714324660871590140e+02
4.728901422145396509e+02	2.286885771319928153e+02
5.280148904709034241e+01	-2.624189902152953096e+02
2.611373780006157475e+01	-3.102860904355799221e+02
4.252154079933678759e+02	3.077786642558274934e+02
3.985253132409200134e+02	2.663039811706088358e+02
-1.236668794929775039e+01	-2.560263974967256786e+02
-1.145109964220518783e+01	-2.729872043600831262e+02
3.520046447269786540e+02	3.385896582935440051e+02
3.385606762008505939e+02	2.890870462199702047e+02
-8.428222278937440137e+01	-2.172543596802593413e+02
-9.093834604380863595e+01	-2.151736837605139385e+02
2.826710195741565599e+02	3.757452406475639464e+02
-1.584817604233808481e+02	-2.130588506838810474e+02
2.059083075581512219e+02	3.918053617702705651e+02
1.537905191011774377e+02	3.617413420578786258e+02
-2.286314529381414502e+02	-1.694784319576965572e+02
-2.244842405993622947e+02	-1.839857252360288840e+02
1.385900603010928478e+02	4.310906221166443402e+02
1.042817487403874992e+02	3.785927971060405071e+02
-2.936042758225800071e+02	-1.342167734277665545e+02
-2.915038658910009417e+02	-1.510271623055104442e+02
6.346802027326918960e+01	4.674728750121105918e+02
3.714981221135393241e+01	4.339996609074620437e+02
-3.456935056544056692e+02	-1.033797580023351514e+02
-3.563822821535139838e+02	-1.247118927498651004e+02
-2.098125771625029046e+01	4.914329678387121021e+02
-3.705680222757526820e+01	4.556673909461635503e+02
-6.478351603012559679e+01	4.177699318989732546e+02
-4.063908816065861629e+02	-7.372802808361304017e+01
-4.180100255356416596e+02	-9.418900213362410057e+01
-4.197067799464036284e+02	-1.120035177735857985e+02
-8.462296233482015850e+01	5.178031831681347512e+02
-1.046458365132422159e+02	4.807090023489296868e+02
-1.244483735373947866e+02	4.413036458547249481e+02
-1.556896893499336727e+02	3.789443939074247965e+02
-4.383085589887550668e+02	-5.866748207719591335e+01
-4.816362232853801402e+02	-7.091409063658072398e+01
-4.707668706839145329e+02	-6.347254408876194987e+01
-4.964640655806011864e+02	-9.801021666780025043e+01
-1.595053132794758426e+02	5.344124281502790836e+02
-1.682885210943962022e+02	4.996082286618024568e+02
-1.801780503870577661e+02	4.381753662673577310e+02
-2.357289324212821953e+02	4.076698402288023999e+02
-2.575290692424885606e+02	3.542837016684582636e+02
-2.839888413392587267e+02	2.996915157833655030e+02
-3.191755427462222201e+02	2.292900620117505355e+02
-3.908958050675531126e+02	1.152202320202621593e+02
-4.113806306085369897e+02	7.921629556421417817e+01
-4.483101713140168272e+02	5.240212417131613876e+01
-4.998932751554917786e+02	7.138736172135004665e+00
-5.191413147461020117e+02	-6.157893844286044782e+01
-5.232527142113392529e+02	-8.240331210104727688e+01
-5.527805614494658357e+02	-1.006154611611465270e+02
-1.937574019479474998e+02	5.660601695908997044e+02
-2.013838104017900434e+02	5.201350949181776286e+02
-2.268896617574063441e+02	4.845851612942205406e+02
-2.793335204844333930e+02	4.267871257553539976e+02
-2.939914980413714716e+02	3.759129712455919616e+02
-3.205852000404964315e+02	3.154083248711295937e+02
-3.550709625363226678e+02	2.661836310956142029e+02
-3.920772340697962477e+02	2.081385393597906841e+02
-4.211321852877480865e+02	1.556675180232325602e+02
-4.150445881301088207e+02	9.339906980221381616e+01
-5.037556690869873250e+02	2.677928680827155716e+01
-5.306827977653445032e+02	-1.554945268964381633e+01
-5.702679200345477284e+02	-5.052953862568427468e+01
-5.907970813077578214e+02	-1.020191508759998555e+02
-5.983398575014523431e+02	-9.252643544011091592e+01
7.113196310916833909e+02	1.541203796046928574e+02
6.830666197763058562e+02	1.242051789970444418e+02
6.413540755645906302e+02	9.283287654466867878e+01
5.819424238921510550e+02	5.799645960023882907e+01
5.345926172261994225e+02	1.111289710823919752e-01
4.973794971265587606e+02	-3.379747390783611394e+01
4.664186396884757642e+02	-9.722840189150959134e+01
4.232703290574284551e+02	-1.544291005560420444e+02
3.794430507404031232e+02	-2.086543964024442914e+02
3.347737830464460558e+02	-2.548004215841156395e+02
2.826614055936052523e+02	-3.196167813705673098e+02
2.733182104710855356e+02	-3.667782050191925691e+02
2.498827110237656086e+02	-3.795743615105221807e+02
2.213528371818769926e+02	-4.038362407104082195e+02
2.217283657069670824e+02	-4.409317043848174649e+02
6.482313758900548919e+02	1.870582523885565536e+02
6.236847850538770217e+02	1.501318027511052833e+02
5.797782579607575144e+02	1.109254560443049229e+02
5.467147896037507735e+02	6.909074023521938557e+01
4.944086850185310027e+02	1.397292111952474869e+01
4.592010034958399274e+02	-2.482289902111048718e+01
4.237340352901981078e+02	-8.195449535510641681e+01
3.749241004519857370e+02	-1.380982464624192971e+02
3.353828995448913588e+02	-1.864490507801977230e+02
2.988702073295943933e+02	-2.377012475946997370e+02
2.463486165323024579e+02	-2.596305254306813026e+02
2.285419055406815687e+02	-3.408962583487959819e+02
2.130022288158861841e+02	-3.490719948726205644e+02
1.909793425731794798e+02	-3.680945678052761991e+02
1.797662936611194482e+02	-4.059838625310726457e+02
5.867155423694548517e+02	1.774903818686110526e+02
5.576852848645098675e+02	1.571083262972836678e+02
5.251008230215987851e+02	1.280453279880736659e+02
4.836546556424268601e+02	7.629632537948779714e+01
4.434314580082609041e+02	4.131150229983432354e+01
4.034142110034447342e+02	-1.042125512805625576e+01
2.434386516664960709e+02	-2.150546576868468946e+02
2.053471941414423725e+02	-2.658765218042150309e+02
1.766555928552013199e+02	-3.163432840188344812e+02
1.586933242472645134e+02	-3.247006517233186287e+02
1.322513051620000510e+02	-3.270388764315171102e+02
1.307057662106845726e+02	-3.754175784753929861e+02
5.296945799204466994e+02	2.094499504094970632e+02
4.861716972855124368e+02	1.801842680760308326e+02
4.626233166194036244e+02	1.424697093716193876e+02
4.268737634767960003e+02	9.222543564409414785e+01
1.320251263589595965e+02	-2.894801171498526742e+02
1.073258325613726640e+02	-2.999458715114200231e+02
8.100236751188103312e+01	-3.161391313581041800e+02
6.966321554237974567e+01	-3.474073724561682752e+02
4.543936138611355204e+02	2.404507496799177773e+02
4.347079194067122785e+02	2.065043641588156902e+02
4.020110553513009108e+02	1.746788677704379324e+02
5.544432523098881660e+01	-2.358598189789828439e+02
2.238529809273200399e+01	-2.870339992303630652e+02
1.085195561862289182e+01	-3.136449418887595471e+02
3.962271084630152131e+02	2.683984480948133182e+02
3.676318734789044811e+02	2.615891875799250101e+02
3.407262530786055095e+02	2.057010818504539316e+02
5.381028164875863162e-02	-2.376090254841040519e+02
-2.847992558234197702e+01	-2.509164663601314658e+02
-4.210750369893020206e+01	-2.788236736332453347e+02
3.245736355892840947e+02	3.076245705879932189e+02
3.003294563473790504e+02	2.777944921446687090e+02
-9.027796934274668672e+01	-2.207182360152959575e+02
-1.146194250879892564e+02	-2.100584106141141660e+02
2.557102336459260528e+02	3.326903460056550443e+02
2.301432854408366779e+02	3.073313843356655184e+02
-1.523045400432802694e+02	-1.958126490770279702e+02
-1.684131077141241235e+02	-2.223568544637681441e+02
1.834903662333787224e+02	3.633006821965471431e+02
1.698626751016074081e+02	3.404413347321496985e+02
-2.014203608712580547e+02	-1.610615091460027770e+02
-2.330058420979047753e+02	-1.777712605316139900e+02
1.110090971182058013e+02	4.005927202391619630e+02
1.020980930175578862e+02	3.710538910554273002e+02
7.212464601078910675e+01	3.373378928484912649e+02
-2.674579411512965521e+02	-1.202333328660533454e+02
-2.628804497018062989e+02	-1.437631647364848959e+02
-2.629271272449478261e+02	-1.535841450844405927e+02
4.006025991908646944e+01	4.320009486505064729e+02
3.779017501661004985e+01	3.814283319073167604e+02
1.100252983078138769e+01	3.547693193906613942e+02
-3.243689175541599639e+02	-1.053473829460166939e+02
-3.313152665886291288e+02	-1.141427105664762109e+02
-3.583755535470736504e+02	-1.409946568660770367e+02
-2.376108416148272795e+01	4.444044228159254430e+02
-2.536904234426032545e+01	4.110624885186415440e+02
-5.856654239317489186e+01	3.883090474018878240e+02
-9.365572999793550935e+01	3.403541290377211794e+02
-4.004960122797910458e+02	-5.870951955972576286e+01
-3.880837258770785638e+02	-8.171787914972830436e+01
-3.937255447575788025e+02	-1.026044592779132643e+02
-4.254176676078027981e+02	-1.140911569828395216e+02
-1.019122942265514666e+02	4.536930848923535109e+02
-9.012667317931379785e+01	4.414560156365577654e+02
-1.226742958181120002e+02	4.077054115591664640e+02
-1.588353934174384108e+02	3.636138589542615591e+02
-1.744943615489314652e+02	3.054073299933176031e+02
-2.070418268617664239e+02	2.595018094145739269e+02
-3.475577005164493585e+02	3.857877697763335334e+01
-3.947516126055879226e+02	-1.060795350140162074e-01
-4.329590106954362341e+02	-3.869722879125242798e+01
-4.492230214209773180e+02	-7.549735752890194362e+01
-4.450173241684557297e+02	-7.711930172966670227e+01
-4.880556868734167324e+02	-1.136935866659265031e+02
-1.601243373039677920e+02	5.034907829934510346e+02
-1.564659732175501574e+02	4.678786795466099306e+02
-1.815414348029731855e+02	4.268838385822731425e+02
-2.174444399077165428e+02	3.803351283457963632e+02
-2.352037097729225081e+02	3.278380209629117417e+02
-2.587641841257060946e+02	2.755159405182800469e+02
-3.034427786663580946e+02	2.265222398594299875e+02
-3.305396396408883675e+02	1.718862143630340427e+02
-3.741219984326920667e+02	1.183353190002520563e+02
-3.804350716032424771e+02	2.258573904593553650e+01
-4.274169304537819585e+02	1.412314336468364573e+01
-4.619886312748375303e+02	-2.119832830192845918e+01
-4.809728236529446121e+02	-7.819274799645032203e+01
-4.991875649715508416e+02	-9.365191968791842214e+01
-5.504458475233060426e+02	-1.131226511756581630e+02
-2.030599732517906943e+02	5.300934292369784089e+02
-1.872366453135592792e+02	4.743301388331690873e+02
-2.102428843530308313e+02	4.514014722636896977e+02
-2.499005439017548724e+02	3.890126836978994902e+02
-2.727061579150980037e+02	3.509389250098076900e+02
-3.000345014475453809e+02	2.996046778732264215e+02
-3.411013194334425407e+02	2.485814905996673758e+02
-3.767862155213569508e+02	1.796315558644645591e+02
-3.991005490589723195e+02	1.470055329093873695e+02
-4.295898623402039220e+02	8.657207928452606893e+01
-4.742161626385133673e+02	4.090778150948305836e+01
-5.091803477931846373e+02	-1.511329069290373717e+01
-5.283511406265982941e+02	-5.517815398732398080e+01
-5.609984994670242031e+02	-9.095774183614739172e+01
-6.030560953834710745e+02	-8.452773491266340500e+01
6.803173573249881656e+02	1.105318768497210442e+02
6.429276923307305651e+02	1.109292109360892908e+02
5.992291781934176242e+02	8.881395435489032764e+01
5.545188545656482120e+02	3.642335417867293046e+01
5.116898322990943484e+02	2.784627007847380931e+00
4.677912311113606734e+02	-4.503902632937568740e+01
4.308173614680815149e+02	-9.682047207350129270e+01
3.891126495348999583e+02	-1.429718103423717253e+02
3.444498753189953391e+02	-1.948383439987897532e+02
2.995065224005590494e+02	-2.410802042985383196e+02
2.615035185020520885e+02	-2.980987659882171670e+02
2.413649245890710517e+02	-3.479623740085634722e+02
2.194391669777388927e+02	-3.593330066173303976e+02
2.012405140298768629e+02	-4.051927274473262628e+02
1.993655891442088830e+02	-4.424285129726646915e+02
6.157484540717501886e+02	1.460418236023911618e+02
5.802334347145082347e+02	1.302957133632504565e+02
5.384863062821613084e+02	1.017891788789865473e+02
4.995036402184354074e+02	4.368360425137362313e+01
4.588264235175836916e+02	2.348301635637353968e+01
4.215490932137155937e+02	-2.680207541898732160e+01
3.864566398533681877e+02	-7.647826611915473904e+01
3.448586276954411005e+02	-1.247295575942838894e+02
2.998034761716913863e+02	-1.608069214436708023e+02
2.650611090915645605e+02	-2.237079660524963458e+02
2.129511244231675846e+02	-2.780837688257168452e+02
2.023524111182939293e+02	-3.211284209547242199e+02
1.822067377316710690e+02	-3.310989743903386398e+02
1.712736427698668535e+02	-3.705371154267116367e+02
1.687799978407913102e+02	-4.045021669872260190e+02
5.555441524332695735e+02	1.644748509425005807e+02
5.165286189116360447e+02	1.442937356789999512e+02
4.801117982778737314e+02	1.203290783802447521e+02
4.386386051196593598e+02	6.545579869729144207e+01
4.017503455082084542e+02	4.425931477917200141e+01
3.682287608146625644e+02	-9.344531856944833237e+00
3.363813135932995806e+02	-6.158163318909429762e+01
2.974024402753731238e+02	-1.008216665020526648e+02
2.551961888938855907e+02	-1.568921897536188510e+02
2.154306333037234538e+02	-1.699385165224651928e+02
1.732761822274422912e+02	-2.509882603490258077e+02
1.606099729860432888e+02	-2.971283592936958371e+02
1.370562565944627806e+02	-3.051025647341744502e+02
1.267161568075109699e+02	-3.391369342060204417e+02
1.068093536535063777e+02	-3.794249437513261682e+02
4.868789972884781605e+02	1.794132884548875779e+02
4.635729702178442153e+02	1.517320401718243659e+02
4.255877873561684623e+02	1.339088886209540590e+02
3.892040656052095642e+02	8.462541573172086373e+01
3.443090212800162249e+02	5.276671416957686489e+01
3.148722809290932219e+02	5.201050406385239633e+00
2.758127717956036236e+02	-4.241648369387047524e+01
2.143811641777015780e+02	-1.365870500600941568e+02
1.570189124363185442e+02	-1.878869888747802293e+02
1.262740172923224833e+02	-2.187053943178306383e+02
1.078000209455251763e+02	-2.706226438579344631e+02
8.341178510061280349e+01	-2.523728904654873588e+02
4.471493858304935287e+01	-3.275425125246420635e+02
5.896220956003450198e+01	-3.484498339632792181e+02
4.244024217882064818e+02	2.063135070643475331e+02
3.999848635436316044e+02	1.892637989230238134e+02
3.529718105448268375e+02	1.612313065297814774e+02
3.279085599256287082e+02	1.312555903832370063e+02
2.923564857432442636e+02	9.570863130702225874e+01
8.113747268943076563e+01	-2.032057673569982796e+02
5.362064320188105171e+01	-2.460695149288359573e+02
3.002646321602848190e+01	-2.555553196315375430e+02
1.572218319948724918e+01	-2.873075813624785155e+02
2.443247053920671874e+00	-3.258793751802852512e+02
3.596797009093818929e+02	2.436048360810472104e+02
3.385906332608562366e+02	2.179998494886932008e+02
2.943171562503210339e+02	1.872367831433112428e+02
2.759054778435764774e+02	1.389253292819082048e+02
2.071882307236647236e+00	-2.177069149710716545e+02
-2.599389471366054849e+01	-2.133437963321098607e+02
-3.622011972153200077e+01	-2.552769070506228672e+02
-6.050615412093490164e+01	-2.683565952151775491e+02
2.958395787908816601e+02	2.724170314393447825e+02
2.724550881139608123e+02	2.486470453431492444e+02
2.449511146661302803e+02	2.124330863782025176e+02
2.144538751097823877e+02	1.698983683863571059e+02
-4.920126691642425243e+01	-1.869575830299739607e+02
-7.767854571395712071e+01	-2.017343148463560283e+02
-1.048109263158877980e+02	-2.201899827805571022e+02
-1.202762239077452620e+02	-2.586550102475870290e+02
2.252506299940036740e+02	3.047888268564948930e+02
2.085029252823899526e+02	2.775395704015247702e+02
1.828037912384774017e+02	2.473974351017557751e+02
-1.337270692271405608e+02	-1.769698824803191712e+02
-1.495840332084697764e+02	-2.051209517306855048e+02
-1.794044077034654379e+02	-2.295224331584962556e+02
1.509894981407371404e+02	3.306777575658368278e+02
1.456195203059454286e+02	3.077246172100647641e+02
1.215608356317019201e+02	2.752762482590721334e+02
8.174688184801235025e+01	2.414823774072840763e+02
-2.024041117183675169e+02	-1.209175902765474433e+02
-1.928715948612240254e+02	-1.428615450029972465e+02
-2.188980780712348917e+02	-1.731423828359720574e+02
-2.405562700839921035e+02	-2.018311765163041400e+02
8.173196564671273734e+01	3.636988402604568478e+02
7.387698441567083307e+01	3.331974354378950807e+02
6.010059236472898192e+01	3.034046355218978306e+02
2.300457696534519059e+01	2.563486654448474269e+02
-2.576679689824435400e+02	-1.043772330617352679e+02
-2.458241162535076398e+02	-1.274410177482455424e+02
-2.645298084866569184e+02	-1.482444002802363627e+02
-3.026654129929356145e+02	-1.619041159405889800e+02
9.696934935739969674e+00	3.915413106029602659e+02
9.891655840304677483e+00	3.644605943987968431e+02
-2.932148442604487482e+00	3.124032960143324544e+02
-3.997158484614870133e+01	2.930583804061328124e+02
-6.741088255434573284e+01	2.544088153941176529e+02
-2.794526886267487953e+02	-4.102803035882897120e+01
-3.132887367170080211e+02	-8.544407317106042399e+01
-2.985364076682026280e+02	-1.012874814365150087e+02
-3.380795497909565483e+02	-1.125030698368259863e+02
-3.578592981691909927e+02	-1.552499037660366810e+02
-4.465976524281524007e+01	4.207219335921239463e+02
-4.275187304895535334e+01	3.836535304426752759e+02
-6.355822994386726776e+01	3.405201077536554521e+02
-9.950667489099306806e+01	3.116230401216882342e+02
-1.236614332781146004e+02	2.702714141304761597e+02
-1.450514740325328376e+02	2.182165244457465008e+02
-1.814936212666219149e+02	1.681139696783711202e+02
-2.723092259637497818e+02	5.870575257138538916e+01
-2.956279695393419615e+02	1.463354850137294250e+01
-3.360110273157255847e+02	-3.185238476981864153e+01
-3.720879709137872169e+02	-6.787336942353208258e+01
-3.477418010086626623e+02	-8.650599392265442589e+01
-3.941395212706685243e+02	-1.165859037477717521e+02
-4.204325381819838867e+02	-1.434555070211154089e+02
-1.149571163557046134e+02	4.435228173601637423e+02
-1.088847107879479807e+02	4.130168077291681357e+02
-1.271926951940044006e+02	3.713855782994588708e+02
-1.546567603628454322e+02	3.186521879196654936e+02
-1.831447608758863055e+02	2.845733110083206725e+02
-1.936504601112318937e+02	2.371615332251212749e+02
-2.313575491233062280e+02	1.930676607110970053e+02
-2.759999809582052990e+02	1.422503971404046297e+02
-2.963591198242335167e+02	9.379769441583076173e+01
-3.242840818987429543e+02	3.616488843855194091e+01
-3.581301020755269064e+02	-7.910971912580304632e+00
-3.807040899555360056e+02	-3.787287047040027943e+01
-4.142129812819245558e+02	-8.700238250884089553e+01
-4.543503409674216300e+02	-1.062404249514251546e+02
-4.833120207915624746e+02	-1.257405691188070591e+02
-1.720075123366348464e+02	4.652233446020533165e+02
-1.725898229090164477e+02	4.161916253157323808e+02
-1.817156630249988893e+02	3.827129672239805700e+02
-2.111229711043401949e+02	3.493345098361307919e+02
-2.361978463822977119e+02	2.921201457729292770e+02
-2.571741088850081951e+02	2.441011147985695970e+02
-2.897419115751784489e+02	2.084928438556915467e+02
-3.282024590018037316e+02	1.487802155108358306e+02
-3.515448617634225457e+02	9.715078242093612459e+01
-3.771148334033679816e+02	4.275989119006305117e+01
-3.907750531207657900e+02	-3.493295874974154458e+01
-4.521197439728745735e+02	-3.495098571238332852e+01
-4.744497121486151059e+02	-8.716292650887777427e+01
-5.094736652240263766e+02	-1.028868107991971073e+02
-5.427898095329321677e+02	-1.231727398891247560e+02
-2.076547718248158958e+02	4.954362941824497852e+02
-2.046916742644199303e+02	4.618377112569018550e+02
-2.070561930541545053e+02	4.080399454741606746e+02
-2.546927808229137042e+02	3.715042089480024288e+02
-2.566701923040702127e+02	3.258805082218149778e+02
-2.953880493763236927e+02	2.651834997997895584e+02
-3.383198081305553728e+02	2.185956983965652114e+02
-3.668301172548623299e+02	1.481712889112965570e+02
-3.939669239047128713e+02	9.423536544219865618e+01
-4.178676620766926249e+02	5.380711345250581701e+01
-4.544966335187629625e+02	1.249261717161318730e+00
-4.931957224185255768e+02	-3.268694825960118777e+01
-5.165822074588513715e+02	-7.356426830941161654e+01
-5.538327129953651138e+02	-9.329558983083715873e+01
-5.925969346091654870e+02	-1.217660475608479373e+02
5.456512235138710594e+02	5.216792459671264481e+01
5.904302673383887168e+02	7.109269428638249622e+01
5.589691383854092237e+02	5.514336349808674953e+01
4.995698466778828220e+02	3.636447483989963558e+01
4.669774086227822067e+02	1.524184864252091387e+01
4.285548986286170816e+02	-3.206069788586340508e+01
3.798412711227118734e+02	-8.299559984984485084e+01
3.444671363648487841e+02	-1.249769517720293379e+02
2.896139168688166592e+02	-1.894152551532165205e+02
2.603565371595353781e+02	-2.355365923451813899e+02
2.281619920020944789e+02	-2.845599420732862654e+02
1.882366023448556405e+02	-3.345905353384682144e+02
1.798559084603338931e+02	-3.054413546790115106e+02
1.719766828665142100e+02	-4.225353460983091054e+02
1.740464502883052660e+02	-4.618336745898333220e+02
5.702019642220434434e+02	1.067567552029798037e+02
5.300145858112450696e+02	9.961890689489122508e+01
5.048493357446674281e+02	7.048817378532112343e+01
4.574992715304539388e+02	4.831603169258078623e+01
4.156998770529874037e+02	1.980058460729334513e+01
3.812734924932076410e+02	-2.893043403649255296e+01
3.476212386743521847e+02	-7.627779981727213965e+01
3.041102037895884678e+02	-1.209420508654643243e+02
2.747784916365861818e+02	-1.650774027974981095e+02
2.275458386722609418e+02	-2.119803126306875356e+02
1.819922048348718988e+02	-2.625967347671235643e+02
1.667512435111305251e+02	-3.058904881797244570e+02
1.538749305737661359e+02	-3.501726182573565325e+02
1.402517262730361267e+02	-3.869821075924228921e+02
1.355735903299766107e+02	-4.280959458387575296e+02
5.169066589963431397e+02	1.277956257781164169e+02
4.866913450735763718e+02	1.051650321225327644e+02
4.480707620451887578e+02	8.214011725488464322e+01
3.959524422437776821e+02	5.892391548695696457e+01
3.621690491599092638e+02	4.495712027698650104e+01
3.290888040939399275e+02	-8.834524031842335035e+00
2.960626649328677900e+02	-6.172498556149370330e+01
2.495510859767381930e+02	-1.061885252120934524e+02
2.165028388266252080e+02	-1.512124103638323334e+02
1.702205396404927455e+02	-1.981726552008558144e+02
1.428562477558830324e+02	-2.413154620390633625e+02
1.189948891127439907e+02	-2.843218313544374496e+02
1.025729164727809035e+02	-3.263428207427242569e+02
9.198633202838372824e+01	-3.644020984239335803e+02
8.306310992190975639e+01	-3.964654719461323111e+02
4.554191333824850290e+02	1.158943777223064018e+02
3.908846503026447863e+02	1.137555718445212278e+02
3.882819703617040545e+02	1.008424597911250231e+02
3.502855170275553292e+02	7.725049959321601989e+01
3.150402932518163652e+02	3.037151548106480448e+01
2.723981885403833303e+02	1.281644096579439784e+00
2.456157498115599083e+02	-4.590437954775400442e+01
2.082226735098914503e+02	-8.980282547509469282e+01
1.694365609645994653e+02	-1.342983680766926113e+02
1.329243461863577522e+02	-1.755605091519735765e+02
1.016045340877573295e+02	-2.214068611885502094e+02
7.132572262403712671e+01	-2.634166825247756378e+02
6.406030095745401809e+01	-3.025974783741443161e+02
3.380505337561967849e+01	-3.410700936799436818e+02
2.873495012708211149e+01	-3.727248475938207548e+02
3.914028867295318150e+02	1.749355882122713410e+02
3.630118570404479783e+02	1.562168916653670294e+02
3.314854707094035007e+02	1.296460253854230302e+02
2.846702548537507482e+02	9.871054163656742730e+01
2.561433093800443999e+02	8.340743369224206560e+01
2.229998956584678922e+02	4.064127128336202333e+01
1.901945350681897935e+02	-1.527372352497314978e+01
1.516649648770156205e+02	-6.957989607291440848e+01
1.225448207363823059e+02	-9.368465780121277930e+01
7.896998771266316908e+01	-1.532863940028446450e+02
4.601294135424704734e+01	-1.924948659464028253e+02
2.431290527293790404e+01	-2.153334354465614808e+02
1.022006322245851884e+01	-2.738846744554574002e+02
-1.176820529773490165e+01	-3.085066575906499224e+02
-2.428901447440754424e+01	-3.364600976338112446e+02
3.265540259630093942e+02	2.057218522829558651e+02
3.002925648244116701e+02	1.765529073541315483e+02
2.724367935223805262e+02	1.575350065919100757e+02
2.370504154811497131e+02	1.299433527122759244e+02
2.023184211383787101e+02	9.747540644623109074e+01
1.719834442844210685e+02	5.186587606969642650e+01
1.440743371930395256e+02	4.649962538904491183e+00
1.081673043526552931e+02	-3.835155967282197764e+01
7.341810196366643027e+01	-8.333805665160718945e+01
2.862036422566210447e+01	-1.319367711524995173e+02
-5.526853364620279763e+00	-1.754443527538339538e+02
-2.718028308292182516e+01	-1.932110650593540697e+02
-4.708983307392420414e+01	-2.423351057767848431e+02
-6.644782690057790830e+01	-2.799103473027486757e+02
-7.594698230928190696e+01	-3.066598238541864703e+02
2.602466143235456570e+02	2.351925871192825070e+02
2.432201661876273135e+02	2.071585205872974882e+02
2.091267418324264042e+02	1.867372863349868908e+02
1.784666782055240901e+02	1.548785235217255831e+02
1.460526367096318552e+02	1.091026061109710810e+02
1.174509191250177196e+02	7.543981975610785184e+01
2.137675489983890120e+00	-9.604206350264736614e+01
-5.388961967874612213e+01	-1.426773986021832741e+02
-7.800225613251213019e+01	-1.852517935643729174e+02
-9.796872312229481849e+01	-2.111626089476214077e+02
-1.223389401382173531e+02	-2.542376535099165267e+02
-1.428528328803976137e+02	-2.714936925988370717e+02
1.963935837499256252e+02	2.604970044122291597e+02
1.830328686131466611e+02	2.419343489708446384e+02
1.539900208068446261e+02	2.119841839052187140e+02
1.163710522854653107e+02	1.781138077439135543e+02
8.981427059133578439e+01	1.474724685086365525e+02
6.120096345312276043e+01	1.003751662863777199e+02
-6.475659318117547514e+01	-7.653040035978472133e+01
-1.028111577804506140e+02	-1.248748524117958425e+02
-1.303396944954421315e+02	-1.625857173381426151e+02
-1.425004928097813774e+02	-1.953602838773311703e+02
-1.795422139434433291e+02	-2.286513048373393246e+02
-1.952928746030273430e+02	-2.532184340500507176e+02
1.210623234799563051e+02	2.938104224860155114e+02
1.256441399041266465e+02	2.681050908232208485e+02
9.226212984265336559e+01	2.378464352176043803e+02
6.273655543111161137e+01	2.053887148738334076e+02
3.210106160446935775e+01	1.708346152063048748e+02
6.754432326286512911e+00	1.233171629553407058e+02
-1.187500952742902314e+02	-5.884681080014775034e+01
-1.575477233648882986e+02	-1.013804959671518020e+02
-1.841855721225953459e+02	-1.416422898867105005e+02
-2.059842394851470999e+02	-1.759509615873864163e+02
-2.200776232479072689e+02	-1.830791536768591925e+02
-2.563058430287085798e+02	-2.313263371365691796e+02
5.308478362927009897e+01	3.204428478034035948e+02
6.764183568075743835e+01	2.986959614730581052e+02
3.173108773505328628e+01	2.681043333681497529e+02
2.357506804388899813e+00	2.249619575697162190e+02
-2.271247699205128967e+01	1.931786280452831761e+02
-5.969966538118846699e+01	1.288879272401425737e+02
-6.992274025241977142e+01	1.027640294928550446e+02
-1.159657492746686955e+02	5.833276362420425443e+01
-1.482343935852368304e+02	2.816551520923852081e+00
-1.622520814447815383e+02	-3.382559191663834497e+01
-2.075404731158999709e+02	-7.771435109062429092e+01
-2.365541454019481478e+02	-1.172751447728359580e+02
-2.620858623731861030e+02	-1.513618078372598745e+02
-2.947000193939350652e+02	-1.684085739504710943e+02
-3.177544973428572348e+02	-2.009594768892229695e+02
-2.219119359512975453e+00	3.488106299881700352e+02
-9.323828100206705827e+00	3.322252747283158101e+02
-2.607965583766415918e+01	2.929447778204247470e+02
-5.022339318284395659e+01	2.445571539982114757e+02
-8.052927806830943780e+01	2.193968174403538569e+02
-1.016754762575188948e+02	1.688808743686634557e+02
-1.348693953218112824e+02	1.205020751938717893e+02
-1.712221613216626395e+02	8.048827837307827338e+01
-2.006174513596377551e+02	3.521817074190091290e+01
-1.991880509456155721e+02	-5.623052129715589764e+00
-2.421947784554556335e+02	-5.211890345495043420e+01
-2.807907516106700996e+02	-9.149481562481628316e+01
-3.164183777408294986e+02	-1.272452451363359103e+02
-3.488764036561257171e+02	-1.520635254768970412e+02
-3.814659473472529498e+02	-1.681838053722842687e+02
-7.109585853552049173e+01	3.783079791876073728e+02
-7.330326405145052604e+01	3.483019236074095488e+02
-8.554430706151396180e+01	3.144053097113927606e+02
-9.307860172670605436e+01	2.289328497142800529e+02
-1.317912050071448959e+02	2.354991472416672593e+02
-1.589954849682373492e+02	1.864194745652881124e+02
-1.922667203535994815e+02	1.412601203638820948e+02
-2.221680499671838049e+02	9.461411771253095537e+01
-2.465062537779250533e+02	3.305855930005196797e+01
-2.733453645461531210e+02	-3.437804816282849618e+00
-3.055454071614163922e+02	-4.633648249534689967e+01
-3.358248174618019561e+02	-9.697525691171739481e+01
-3.718375798597097059e+02	-1.175172450151202668e+02
-4.068780462665905020e+02	-1.413211470739900051e+02
-4.129856310335781586e+02	-1.553355568291259488e+02
-1.412625776587607334e+02	3.837318768674992953e+02
-1.183035236536323822e+02	3.710133095900657736e+02
-1.456346815267645809e+02	3.353777654147726253e+02
-1.625213892239817994e+02	2.847958165975034035e+02
-1.754744248427170703e+02	2.466261674654850253e+02
-2.122000865711246433e+02	1.989888645992952831e+02
-2.445887010776033321e+02	1.439738319489851790e+02
-2.767270074255400800e+02	1.109900875863062595e+02
-3.051038527277038952e+02	5.842836354517900332e+01
-3.254683260234731961e+02	7.189094430008753811e+00
-3.550974063720678373e+02	-5.563672939556473551e+01
-3.959116377612447764e+02	-7.057388837195838960e+01
-4.262169277152548830e+02	-1.163804965392915847e+02
-4.609933487561254992e+02	-1.293016226470034269e+02
-4.462212657595488849e+02	-1.543807311727262572e+02
-1.978680487324551791e+02	4.242176912067269541e+02
-1.795948868001533754e+02	3.977222625441494870e+02
-2.011415529184457966e+02	3.542074183386343407e+02
-2.204053129434713867e+02	3.027405139847656415e+02
-2.384375419601074100e+02	2.446404269452637834e+02
-2.644590570820931248e+02	2.115498192963916892e+02
-3.002125181561355021e+02	1.659102405729147165e+02
-3.297398407014487134e+02	1.166433592219202495e+02
-3.452867032573677761e+02	7.221327966819833932e+01
-3.425803849535820405e+02	1.799323415609867283e+01
-4.084413224610675002e+02	-4.987974858815654500e+01
-4.380673630961543381e+02	-7.316250210534225573e+01
-4.523908245974857323e+02	-9.337151529025271657e+01
-5.191169128138271844e+02	-1.277488703860051373e+02
-5.550471770243748324e+02	-1.495100336502424625e+02
-2.363675125424198882e+02	4.376361168579200580e+02
-2.216628061733241566e+02	4.150906687071031911e+02
-2.354954072607483511e+02	3.779824186504444583e+02
-2.621909560535837613e+02	3.320683332943324331e+02
-2.807248478919687500e+02	2.769243215481221796e+02
-3.100372942387875810e+02	2.318536163786954774e+02
-3.406676351911985989e+02	1.882366648570279324e+02
-3.603841498223991948e+02	1.227723579660354858e+02
-3.992535178630570272e+02	7.899043408558878809e+01
-4.180127911708302690e+02	1.666206524986352733e+01
-4.562558639668422984e+02	-2.371447340000574044e+01
-4.885173870703117700e+02	-4.966410625351869612e+01
-5.232263715479646180e+02	-9.985631020764168397e+01
-5.674146756636447435e+02	-1.241793986468571092e+02
-6.070348418206414181e+02	-1.399136025518204747e+02
6.235964628176069482e+02	6.379298984915855186e+01
5.694423213885753512e+02	9.100012993476488532e+01
5.393948177836940658e+02	2.847759112593329078e+01
5.261453253625746811e+02	8.814421411982889865e+00
4.834463656182270483e+02	-1.882225942583358957e+01
4.426901810299122531e+02	-6.579143854537441882e+01
4.058153880617194886e+02	-1.153308307117268328e+02
3.580420252641696379e+02	-1.496593719107853815e+02
3.089148111946948916e+02	-2.111330026647376030e+02
2.719722269344265442e+02	-2.533865192982185590e+02
2.263031499707343528e+02	-3.043934580452657883e+02
2.104386648278814107e+02	-3.480858262543237629e+02
1.673524035817065112e+02	-3.896270275126508977e+02
1.226983613194802984e+02	-3.444549916124324795e+02
1.584401952550510089e+02	-4.671852145163485943e+02
5.413902443040695971e+02	5.753418249759101144e+01
5.293259591490740377e+02	6.337908161111985805e+01
4.827846637951473099e+02	5.448350060454466615e+01
4.740834376171315512e+02	3.367963658512628200e+01
4.282201607770755345e+02	-1.984335901992287932e+00
3.835529767925558531e+02	-5.423869814945810930e+01
3.602532901509331396e+02	-1.006650869677586684e+02
3.195751282744560058e+02	-1.368461239813049133e+02
2.768037133991238647e+02	-1.871276081522661343e+02
2.351295750320975060e+02	-2.313698043294771196e+02
1.980896259059389024e+02	-2.579722392407827556e+02
1.742570189720472911e+02	-3.222719993059109811e+02
1.319250967023155567e+02	-3.386072023962202593e+02
1.244781622166768642e+02	-3.906516174504690184e+02
1.137689491088451064e+02	-4.414208446683151124e+02
4.997989958350327697e+02	9.446532930357209068e+01
4.612860058049433860e+02	7.995120410187411153e+01
4.295955735692371604e+02	6.009311976613171424e+01
4.141630200089888376e+02	3.668292070742899114e+01
3.760312729825569136e+02	1.380961556170679039e+01
3.318453887896581023e+02	-1.785899131312254084e+01
3.008685607057295215e+02	-8.010081936548203885e+01
2.684854628349085033e+02	-1.261584678808218030e+02
2.273987281560332292e+02	-1.701732802371233788e+02
1.840038088577607311e+02	-2.166434674104914677e+02
1.476934807427544456e+02	-2.595190094937565277e+02
1.266066286118244903e+02	-3.013990227458920117e+02
8.668852227871306582e+01	-3.398486339338865605e+02
7.343832392824407407e+01	-3.674459781860956582e+02
6.624656644880272438e+01	-4.031172996246979778e+02
4.348289123464944623e+02	1.282331604074831546e+02
4.060104208707409725e+02	1.056572458280060687e+02
3.701406939935858986e+02	8.385635721321536096e+01
3.889677795855745899e+02	7.764986606938789748e+01
3.488701869073219086e+02	4.748673621447643001e+01
3.123932590106962266e+02	-1.946298346062027562e+00
2.820236254830674625e+02	-4.879356942202645087e+01
1.711148165612252683e+02	-1.737548096019848174e+02
1.323648501113472093e+02	-2.164074427729368040e+02
8.747743693718483371e+01	-2.642889901038397511e+02
6.823932673879708943e+01	-2.898883736417988644e+02
3.177090208832377272e+01	-3.460083502904168995e+02
5.633174596335933870e+00	-3.574874236472537632e+02
3.225047864304749989e+00	-4.147790811333615579e+02
3.627277549313615737e+02	1.589047596584922815e+02
3.430119310199754636e+02	1.403813118309036838e+02
3.098438936164760662e+02	1.168142938361421983e+02
3.294516837312846178e+02	1.092912922990874307e+02
2.893717967019588855e+02	7.273653782949074298e+01
4.079252560722676435e+01	-2.216298552745717245e+02
1.886679163723738384e+01	-2.659659244459327851e+02
-1.697467948518389491e+01	-3.167558959203611835e+02
-3.559706599956805206e+01	-3.510832593328343023e+02
-5.248535400423963893e+01	-3.843470292804600490e+02
3.100630896255734115e+02	1.885151274011665237e+02
2.737237933200479461e+02	1.427918278383317272e+02
2.515069645776469258e+02	1.439196029548091076e+02
2.719032536078475459e+02	1.288014445000498256e+02
-3.337907302129568166e+01	-2.533430528132702761e+02
-6.650380150123100975e+01	-2.883087607735328675e+02
-9.443833572259968889e+01	-3.021456903713402085e+02
-1.122906073961836597e+02	-3.278153341114433488e+02
2.387333628840799236e+02	2.197016300246449703e+02
2.139757404346521525e+02	1.951110988080673678e+02
1.917192907772106309e+02	1.697574570881349985e+02
2.104565129423263556e+02	1.546974045304837944e+02
-8.250745285958520014e+01	-2.251971547004185084e+02
-1.217299283018304692e+02	-2.465182235493473684e+02
-1.433560529050862442e+02	-2.949910124400597624e+02
-1.709753109129437405e+02	-3.030239086360336955e+02
1.617087070383674643e+02	2.580062950275323033e+02
1.528422232282275388e+02	2.233085629599105459e+02
1.327791058366537698e+02	1.992936298199598752e+02
-1.755559607522206989e+02	-2.401283965764552875e+02
-2.082410651623465014e+02	-2.748223480252437412e+02
-2.229434590237775353e+02	-2.982248571985422814e+02
1.066808010007558494e+02	2.795711126459799516e+02
9.258417482081799221e+01	2.542704517582085089e+02
7.341517646615722015e+01	2.269806432525352307e+02
3.128978244363800698e+01	2.220293591920864458e+02
-2.198874050441585837e+02	-1.721102375784941785e+02
-2.327266902673658251e+02	-2.021164765445897729e+02
-2.584673150887597330e+02	-2.435638262665974310e+02
-2.826361357896382174e+02	-2.580973241636004900e+02
4.525957751279833730e+01	2.858096515547426861e+02
4.119823832774456207e+01	2.629089652964603374e+02
8.129643909755529307e+00	2.528753324860346652e+02
-3.436198212693313536e+01	2.505722325497830241e+02
-2.689985155334383080e+02	-1.493301364311376744e+02
-2.823930821856276907e+02	-1.939655392776161875e+02
-3.153966774894282139e+02	-2.189155426345709827e+02
-3.417463438502888948e+02	-2.441891590851921876e+02
-1.408211942465729472e+01	3.386259976925429100e+02
-2.318536107311528838e+01	3.159985289331529543e+02
-4.213794065138852574e+01	2.835738160743998151e+02
-9.653547813430404290e+01	2.709077705247116228e+02
-1.122638508590142692e+02	2.386868265805255476e+02
-2.901448904081465798e+02	-9.766072592197200208e+01
-3.173438838034978176e+02	-1.240664158924766269e+02
-3.388944589080343235e+02	-1.727961499394093323e+02
-3.747934803232499235e+02	-1.966989346238034955e+02
-4.012731669658291480e+02	-2.172779476210721725e+02
-8.862398402778066497e+01	3.667628491490891065e+02
-8.784523260584713000e+01	3.368041749240957756e+02
-1.056186430262734035e+02	3.034742413962681553e+02
-1.438537554922699826e+02	2.749044683931500117e+02
-1.721520380868240352e+02	2.572656872961663908e+02
-1.875044970525904944e+02	2.047546101652160928e+02
-2.285857226740101567e+02	1.538530988180787347e+02
-2.901521930186136728e+02	1.504895359933582277e+01
-3.101248374662084188e+02	-3.339603050746706714e+01
-3.393376007884878049e+02	-8.393884557102431643e+01
-3.758675795858729316e+02	-1.161414096653666945e+02
-3.537299810337513009e+02	-1.413209467203894292e+02
-4.328177492423849344e+02	-1.787925785273839665e+02
-4.619480105051870282e+02	-2.070949354819319410e+02
-1.717171278259542078e+02	3.564795630697623778e+02
-1.428954777248401626e+02	3.402931740058452874e+02
-1.610411956622745606e+02	3.054907782395929985e+02
-1.785359135709816201e+02	2.640125664802538381e+02
-2.107206605983562042e+02	2.247361814818434596e+02
-2.351818623788433058e+02	1.892500697896953454e+02
-2.720941665918317653e+02	1.294898954007769305e+02
-2.969526216316796763e+02	9.154476074777250005e+01
-3.193259380437943378e+02	4.545421507941916417e+01
-3.494841875062322742e+02	-4.202584501796585492e+00
-3.786442915756924208e+02	-4.817998233418159515e+01
-4.000194941728829008e+02	-6.437242294977275492e+01
-4.402966852810344562e+02	-1.280875020609495039e+02
-4.783650387598527232e+02	-1.540713301803573074e+02
-5.001519567494478338e+02	-1.567628868309788857e+02
-2.153817335017962762e+02	3.901126937125159202e+02
-2.047949246006824637e+02	3.510907315788962819e+02
-2.252509044323633134e+02	3.210188952051004776e+02
-2.427143765141038898e+02	2.826310106963891826e+02
-2.681690275271936343e+02	2.523289348053619960e+02
-2.819190837543521866e+02	1.861024779486511136e+02
-3.248343349484308646e+02	1.581916296478522952e+02
-3.472722800114921142e+02	1.054259263917591625e+02
-3.783116402948465975e+02	5.529466805680226571e+01
-3.922031174421020410e+02	8.047243589709156097e+00
-4.287944353811586211e+02	-4.312233752618365656e+01
-4.681084471382615675e+02	-7.836881499873076962e+01
-4.969795329972318996e+02	-1.144831489771415107e+02
-5.318509174871647929e+02	-1.472909174256460290e+02
-5.689845804543414260e+02	-1.728984202437077897e+02
-2.545461760569882017e+02	4.117632918386953520e+02
-2.355881039895894276e+02	3.858649724487800086e+02
-2.415271192592645093e+02	3.540880834851546979e+02
-2.784976285015546296e+02	3.188066432094720426e+02
-3.005992203546214796e+02	2.596170183367429445e+02
-3.219968988064578639e+02	2.179336514161719549e+02
-3.581996283630377889e+02	1.727397632650044557e+02
-3.783828437369269864e+02	1.290646113692305050e+02
-4.224006859585267080e+02	7.241740543238108785e+01
-4.260522036814209628e+02	1.626557243941340403e+01
-4.715152210200554350e+02	-3.475857620504454104e+01
-4.901845315187637198e+02	-6.345519882633136177e+01
-5.129228420474951236e+02	-1.220928983705859139e+02
-5.844924940808440397e+02	-1.333005901837009901e+02
-6.192494999955431467e+02	-1.646243288725863465e+02
6.240641991739495325e+02	5.414693164398918412e+01
5.785489380116155189e+02	2.485444571264088509e+01
5.537544217785455203e+02	4.514847209559436969e+00
5.537884523133461698e+02	-2.644484599517036294e+00
5.098250514968237894e+02	-3.763040570023303388e+01
4.715892463732191118e+02	-8.173780734096533251e+01
4.287057992807100959e+02	-1.334332639490511667e+02
3.852283535623250827e+02	-1.782887675890121955e+02
3.268263331127590163e+02	-2.246332797355380535e+02
2.872072603900739978e+02	-2.656030182440372300e+02
2.478607895709547222e+02	-3.097904631594497573e+02
2.247065507505564028e+02	-3.145493237777707236e+02
1.762853338028085091e+02	-3.756236112484672276e+02
1.533956682068011048e+02	-4.506138038992576753e+02
1.525187776332781766e+02	-4.973117422444147451e+02
5.673176421780971168e+02	6.374797199172737550e+01
5.295650756971040209e+02	3.124860913322834932e+01
4.993271360856163597e+02	1.708267755653147901e+01
5.057172913773148366e+02	7.812036471567159523e+00
4.570058655306909259e+02	-2.187534452928330353e+01
4.202790991013167741e+02	-6.658246769279475075e+01
3.827570913530220196e+02	-1.137446281955155456e+02
3.363009393738249742e+02	-1.613492092857890441e+02
2.902585882298607203e+02	-1.991870801521881162e+02
2.488432023816578464e+02	-2.407539381323627765e+02
2.064968490071161682e+02	-2.930275906404270359e+02
1.837585694597248391e+02	-3.146909440990622215e+02
1.556568578943525836e+02	-3.807640241932372192e+02
1.207425740451899969e+02	-4.233998380359155931e+02
1.103776765484012685e+02	-4.637210602048835426e+02
5.007324149095969688e+02	5.877213847113611678e+01
4.674771344244531406e+02	7.598461912691716691e+01
4.684737772454971036e+02	5.877232605835467893e+01
4.490841413871274881e+02	4.248668666907267522e+01
4.127696646884383540e+02	1.500695598274621112e+01
3.691464153814555402e+02	-2.154095957721123256e+01
1.918967976686126065e+02	-2.511298891396707518e+02
1.551193008604285524e+02	-2.730657467984909204e+02
1.216975655402791290e+02	-3.350963709147572445e+02
9.248745698309909358e+01	-3.621755842560145311e+02
5.333922596965493312e+01	-4.242286159539095252e+02
3.814136616073024300e+01	-4.665884976714922345e+02
4.350602599493886373e+02	1.138578959078161006e+02
4.064667091853512488e+02	9.948625656976206244e+01
3.772048609609086043e+02	7.903805847385282846e+01
4.272114292134892253e+02	7.779732120175951593e+01
7.273447851672918318e+01	-3.423799125466443343e+02
2.950070415245775024e+01	-3.851474622338994322e+02
1.244966961699780050e+01	-4.192117693227784798e+02
-1.264881916879852497e+01	-4.525937420636281558e+02
3.749668384246027131e+02	1.477840867359756203e+02
3.418405843225563103e+02	1.289958640509609609e+02
3.389958844684295514e+02	1.175692566480190919e+02
-2.158739323488508788e+01	-3.545041550162078465e+02
-5.747790241113322907e+01	-3.929284807682060432e+02
-6.948693850442228381e+01	-4.293152730437988112e+02
2.968242005567996102e+02	1.748025684928620365e+02
2.821083051588894932e+02	1.461561750251636056e+02
2.826454894593222775e+02	1.427594709879143977e+02
-7.722728251272799582e+01	-3.262226353430450558e+02
-1.090956536812482369e+02	-3.644397209666112758e+02
-1.289675773392147278e+02	-3.953234368452457943e+02
2.313809424902362366e+02	2.150200858876673067e+02
2.171838724087240280e+02	1.874417006993880648e+02
-1.603365289770742947e+02	-3.111952264033454867e+02
-1.846196965695912411e+02	-3.664147760925910688e+02
1.665584971713832090e+02	1.999648198467561144e+02
1.478425052731472817e+02	2.141961295460264409e+02
-2.214576565818510687e+02	-3.116510782549011651e+02
-2.452806861246118331e+02	-3.422531564239025670e+02
9.889815733767200356e+01	2.675392180516329859e+02
9.315223530320898249e+01	2.441116993729694968e+02
-2.847890877647581078e+02	-2.739954933451141414e+02
-3.148257599956870081e+02	-3.003099049276411279e+02
2.961470009363556954e+01	2.678181921909664425e+02
1.648342599365736305e+01	2.571545247676673966e+02
-1.076575991046565584e+01	2.719625425860814971e+02
-3.109122054638028203e+02	-1.847386632592667297e+02
-3.422301356192899107e+02	-2.499230782312453982e+02
-3.637082056921749995e+02	-2.860007542093630377e+02
-3.545263360905784822e+01	3.284194860375532130e+02
-3.889107351934138990e+01	3.050565317180486318e+02
-7.143038789598230665e+01	3.009741063969161132e+02
-3.700575176843648251e+02	-1.925899090363395487e+02
-3.972754176086713755e+02	-2.393952076920475633e+02
-4.313622240101774992e+02	-2.633990522766744107e+02
-1.046388284833241897e+02	2.975840310334627361e+02
-9.731277698890016836e+01	2.876503963733231330e+02
-1.375958272887566238e+02	3.247729942749323300e+02
-1.741290844496944032e+02	3.151773116338872001e+02
-4.179867366502257937e+02	-1.330986344255155416e+02
-4.316904011330199182e+02	-1.815915823961699971e+02
-4.484852195802257029e+02	-2.194438621892453227e+02
-4.913347686373314218e+02	-2.532807104137563954e+02
-1.750124295371880123e+02	3.446551246335459950e+02
-1.558917259729361717e+02	3.275325260387964477e+02
-1.940458725268409523e+02	3.273022802352575695e+02
-2.236824344612859932e+02	2.862841561175741845e+02
-2.520055019871863919e+02	2.620723767579971195e+02
-2.709950936321766903e+02	1.918396220096168179e+02
-3.748956597120790661e+02	-2.118559845198915426e+01
-4.164031696248619028e+02	-6.910891748327351536e+01
-4.520216118339646414e+02	-1.024299703824836882e+02
-4.812108076719592304e+02	-1.503619717489447112e+02
-5.093150125823739245e+02	-1.949481269889659529e+02
-5.434775649390790022e+02	-2.207608187826796495e+02
-2.287716086520744909e+02	3.561287610377468127e+02
-2.158156727878489107e+02	3.224043807840982367e+02
-2.480150859015485878e+02	3.249840743703006183e+02
-2.799560737788823985e+02	2.994891291437392624e+02
-3.005332966188001365e+02	2.535819047957341468e+02
-3.191877113603471798e+02	2.000661019476844160e+02
-3.564994543633550279e+02	1.516477153469161863e+02
-3.597818284510066746e+02	1.100022852603772066e+02
-4.117509538212076450e+02	4.254191252603439466e+01
-4.368715255222821838e+02	2.328461613340257585e+00
-4.665977651073640686e+02	-4.861540011880719447e+01
-5.060379471116956438e+02	-8.091905120980102595e+01
-5.334025806291757590e+02	-1.304164021722675102e+02
-5.632603675432438877e+02	-1.774889104631414796e+02
-6.021147015218175511e+02	-2.012788878974967872e+02
-2.646912516093307772e+02	3.851913678996740487e+02
-2.479832056470755788e+02	3.483474184515076217e+02
-2.664855859184525571e+02	3.439365334037370303e+02
-3.162748578126409029e+02	3.240515113461565875e+02
-3.300446097884138794e+02	2.557520169059328055e+02
-3.386011465302587453e+02	2.105208784178095414e+02
-3.920167574965090012e+02	1.740125466314462983e+02
-4.262138990200586477e+02	1.194547027470851219e+02
-4.507872611222080081e+02	6.698907404237313301e+01
-4.756193348405115557e+02	5.170617048171513019e+00
-5.049232396262657403e+02	-5.579189808977603349e+01
-5.504976321011629352e+02	-7.342879232678126300e+01
-5.816063386515427283e+02	-1.249626431770860506e+02
-6.121045766886883257e+02	-1.694334331201921771e+02
-6.490595339835246023e+02	-1.961050342495473160e+02
6.569592274265587548e+02	-1.266497514513336853e+01
6.384285631908038567e+02	6.724495019385452466e+00
6.057133753275004437e+02	-2.863390437414014400e+01
6.047765275447321756e+02	-4.419513695601441583e+01
5.556013281597065543e+02	-5.666099546980098722e+01
4.968187517103397681e+02	-9.694558972323575574e+01
4.661252468308314860e+02	-1.439289253911790638e+02
4.159351095497030997e+02	-1.886171038138357687e+02
3.687398066343313303e+02	-2.381321818361290923e+02
3.217283628923507308e+02	-2.844358040772536356e+02
2.608348907678997648e+02	-2.994290652324991697e+02
2.152064096898560024e+02	-2.367263454986638749e+02
2.027645388395751809e+02	-4.228276320289982095e+02
1.707778756062633079e+02	-4.636102144179472475e+02
1.320630317910245424e+02	-5.276931275590917494e+02
5.983119773294574770e+02	5.086613563127396986e+01
5.858238609567173398e+02	3.784626478361001745e+01
5.588457771315795526e+02	2.150768147143844189e+01
5.104690925579348004e+02	3.175556889537960448e+00
5.023697750357665086e+02	-1.505380958427809368e+01
4.546439960420171360e+02	-7.016564547428723131e+01
4.154455783564011426e+02	-1.123112917370672506e+02
3.173751600343923656e+02	-2.339273288471255796e+02
2.714719101553098994e+02	-2.786182176224234013e+02
2.289591060804540632e+02	-3.156229636266428997e+02
2.091832700814312886e+02	-3.611842114908938015e+02
1.668232381554849724e+02	-4.165105883247346696e+02
1.286473090657696616e+02	-4.622514403253024398e+02
9.441416002443813227e+01	-5.077233249828993848e+02
5.185184508971728974e+02	4.524163813314446259e+01
5.020823999945334322e+02	2.929059830393413932e+01
5.072378046084107268e+02	6.066677816354867758e+01
4.800032557724185267e+02	3.895479166397602455e+01
1.492160341256237359e+02	-3.444027935446787865e+02
1.024990537785900671e+02	-4.190494606677922320e+02
6.906666489627212968e+01	-4.162425160617679580e+02
3.049945567751436215e+01	-5.067695410069368904e+02
4.461898245995550951e+02	1.083446152951348012e+02
4.441342836526913516e+02	9.607842087409879639e+01
4.403562223172840504e+02	8.366738774927007682e+01
3.439068493051927078e+01	-4.230537111924801366e+02
2.150207465341104296e+00	-4.634729717856573075e+02
-3.565398923922484897e+01	-5.059323768709557498e+02
3.798984044690925543e+02	1.180402059489483406e+02
3.779997434977839816e+02	1.253379589139101569e+02
-5.344717421261873369e+01	-4.333402613223361186e+02
-9.390967484532232845e+01	-4.767226722108110266e+02
3.192142159031163260e+02	1.471346309058096153e+02
3.115810422531759514e+02	1.547922283597756064e+02
-1.091370576514509025e+02	-4.032624205586805033e+02
-1.454041567888643556e+02	-4.416274828743493117e+02
2.523976147727705666e+02	1.994825938865616877e+02
2.477029577118342729e+02	1.590688819611881968e+02
-1.703550127834169245e+02	-3.784409406519490062e+02
-2.067306769866159186e+02	-4.145443002345841705e+02
1.793073460882751533e+02	2.306509637581691834e+02
-2.736573688183978561e+02	-3.888367950629095731e+02
1.125204752360695295e+02	2.611869458952548939e+02
8.911095367019633784e+01	2.716642618667028728e+02
-3.159384020582090216e+02	-3.160561162088678202e+02
-3.377370356156385469e+02	-3.500510959532617790e+02
3.640264293508688809e+01	2.973703618894418241e+02
1.856735697914987071e+01	2.947471348449137167e+02
-3.779108657033379473e+02	-2.767862501233069565e+02
-3.988533103091494354e+02	-3.359590363091542713e+02
-3.081053612697651900e+01	3.196454165315529394e+02
-1.946523948924417979e+01	3.076002316724637353e+02
-4.368406940816710744e+02	-2.628272384703493003e+02
-4.560708481121143336e+02	-2.974301823173947810e+02
-1.013803357049889229e+02	3.466731775679576231e+02
-1.090148732175197495e+02	3.095188583173445522e+02
-1.408849118941076597e+02	3.295915317517010408e+02
-4.704147233035502040e+02	-2.023390106443044090e+02
-4.957744118580856139e+02	-2.366399028617099134e+02
-5.189124997123093408e+02	-2.762688018964225307e+02
-1.597450718134913643e+02	3.419777718768636987e+02
-1.768493116990307783e+02	3.581277536176342551e+02
-2.112087212127823079e+02	3.536716929421286864e+02
-2.330848802545190495e+02	3.114617602772732994e+02
-4.835723589687830781e+02	-1.201045520481129074e+02
-5.218466666441688631e+02	-1.720000968779237951e+02
-5.448522514150827192e+02	-2.165234168749863670e+02
-5.787204054485436018e+02	-2.665896575824699539e+02
-2.318796477968217005e+02	3.441952814817129251e+02
-2.331969141297764452e+02	3.566754136308302918e+02
-2.600523929525595577e+02	3.207869607067023594e+02
-3.011403747996166658e+02	3.247891578400731873e+02
-3.055910485145042799e+02	2.828899640274730132e+02
-3.441750804355584705e+02	2.218409990493759949e+02
-3.841193362781302199e+02	1.743411066809440229e+02
-4.503643463153507582e+02	3.551577982189732552e+01
-4.688460530559997324e+02	-1.814431343766399962e+01
-5.063205551874066828e+02	-6.221030984619566340e+01
-5.433150151304710107e+02	-1.029958159549122740e+02
-5.748367112348934143e+02	-1.532004980693533298e+02
-6.075134823877828012e+02	-1.879006435223826372e+02
-6.395761490663873019e+02	-2.418522337290447695e+02
-2.821862421776464203e+02	3.498658646929201836e+02
-2.831105615692749211e+02	3.590223590310504278e+02
-3.170683404711513163e+02	3.532343272323286669e+02
-3.552018674183142934e+02	3.241917606239923657e+02
-3.726809057405747581e+02	2.773163234901853116e+02
-3.882476875067653737e+02	2.209089257085809948e+02
-4.325245287956771563e+02	1.726911757248902859e+02
-4.601606724000758959e+02	1.183484837611831892e+02
-4.963592841796706239e+02	6.404257007439028371e+01
-5.118160010098266071e+02	8.488518610258726227e+00
-5.439687742993578468e+02	-4.133442223809839788e+01
-5.870846006329925331e+02	-8.788045926702729105e+01
-6.215396244793552114e+02	-1.301342317048860195e+02
-6.562423397433174159e+02	-2.075414666880649577e+02
-6.906037751722100211e+02	-2.231909005019955998e+02
6.640116739430690131e+02	3.547765749689584425e+01
6.390866119395226406e+02	-6.680527736208655476e+00
6.161874152016046082e+02	-2.036057425796785125e+01
6.127580690605680047e+02	-3.243587310440715754e+01
5.929838956526167522e+02	-6.909953370821924068e+01
5.260012222842829033e+02	-1.092005071929980176e+02
4.412556030275978856e+02	-1.707348782461635892e+02
4.328622845375345491e+02	-2.330740025350344240e+02
3.787953727992331210e+02	-2.342521899918962163e+02
3.256516266668606363e+02	-3.015385508639564023e+02
2.814177048707779250e+02	-3.480410907596875631e+02
2.456667317245819504e+02	-4.169411073656394819e+02
2.006532137224486689e+02	-4.403693250327849000e+02
1.498988310510501094e+02	-4.672681755731967996e+02
1.319298926654375066e+02	-5.368905444663001845e+02
6.043282478732210166e+02	3.581018219211004094e+01
5.982382536370021171e+02	4.095841150899666872e+01
5.728456409882004436e+02	2.631657219576407414e+01
5.610395499626736182e+02	4.919420397232989295e+00
5.255365868482729184e+02	-4.581472472941734253e+01
2.359290713493074350e+02	-3.404642105095592228e+02
2.107697222959174894e+02	-3.835391903543711010e+02
1.657276841678371397e+02	-4.301840507912457952e+02
1.213750118991672906e+02	-4.779604884743181401e+02
7.899391284531107260e+01	-5.206987416444063683e+02
5.228710118873733563e+02	7.388592086753412502e+01
5.224257500794474254e+02	8.183696976153925107e+01
5.298259835140846690e+02	6.972291563738968989e+01
9.115948001061310890e+01	-4.315261999061575011e+02
5.274121159089287403e+01	-4.773158210327824236e+02
3.633881504534234086e+00	-4.893937937912737084e+02
4.635775304310774345e+02	1.043647687283463057e+02
4.530448600679427500e+02	9.003123141716451983e+01
-9.706168008232101130e+00	-4.751366887579828813e+02
-5.349390022147932910e+01	-5.146786618343460304e+02
3.895210825307141249e+02	1.335639775128131816e+02
3.845553017517699459e+02	1.214883029530123508e+02
-6.823579459650729007e+01	-4.181833738191648990e+02
-1.159954321575302600e+02	-5.113666136118762893e+02
3.176030595186558116e+02	1.646020408983461039e+02
-1.667275761829175451e+02	-4.236362041180789788e+02
2.443715740903119524e+02	1.944897535506506756e+02
-2.303229969880069632e+02	-4.448537626104628657e+02
1.745934164222930747e+02	2.205129358931368415e+02
-3.013579177495017234e+02	-4.194416680308362970e+02
9.631176084641251123e+01	2.530218481410788627e+02
-3.686071345437829336e+02	-3.727676395377134781e+02
2.118070832744482601e+01	2.802314799977168605e+02
-4.320092988334930055e+02	-3.644668672972546801e+02
-5.608144836611644735e+01	3.104039032294577964e+02
-7.034601178800487276e+01	3.525324417332412850e+02
-4.711940607214447141e+02	-2.881499946249300024e+02
-4.957585477951947155e+02	-3.144998892280989935e+02
-1.217787567419404979e+02	3.411910677950929198e+02
-1.344599144256208945e+02	3.516351352372007000e+02
-5.344063290088955682e+02	-2.604640866222204068e+02
-5.655432096410256690e+02	-2.860704219174654099e+02
-1.921344427035747913e+02	3.456294471002815385e+02
-1.935047484840502250e+02	3.518222945392133738e+02
-2.354370638416666282e+02	3.541945879523369740e+02
-5.436439764736459210e+02	-1.728205955152080548e+02
-5.888808903886615553e+02	-2.296958712344227251e+02
-6.101598011222591822e+02	-2.764372579916865789e+02
-2.549060241818185943e+02	3.444806202849210308e+02
-2.596935582868810002e+02	3.567497213522082689e+02
-2.934442525585600379e+02	3.509771340870652239e+02
-3.288803073754103821e+02	3.244053794247795395e+02
-3.538295950507262546e+02	2.794077926215500725e+02
-5.354561930386855693e+02	-6.784246828140597074e+01
-5.726499254460145494e+02	-1.163720930452048350e+02
-6.131497590749548863e+02	-1.795025394449081091e+02
-6.437198875509953950e+02	-1.799517697079343748e+02
-6.776198136831498005e+02	-1.981386483659541398e+02
-3.047126306955551058e+02	3.397490339005470901e+02
-3.182829030085790123e+02	3.572962324957949818e+02
-3.445321660921700868e+02	3.844472097727750679e+02
-3.801961566278592386e+02	3.298734765926874957e+02
-4.008393633746808291e+02	2.706397530643875484e+02
-4.241447249962190540e+02	2.218761282762846463e+02
-4.556037396964360369e+02	1.777976843434674095e+02
-4.982089534741520538e+02	1.171004541373860945e+02
-5.356095655852755044e+02	6.118160550749387028e+01
-5.498154342738346259e+02	2.033248776680624648e+00
-5.844336399708660110e+02	-6.103644805457800970e+01
-6.280736569516117243e+02	-1.037632459806736875e+02
-6.651064822738067051e+02	-1.371929137622121857e+02
-6.988416064296328614e+02	-1.882822774806040798e+02
-7.313694323062200056e+02	-2.388242545284677760e+02
6.758135445548833786e+02	9.766816640785382475e+00
6.511275169163367309e+02	1.510169181136970806e+01
6.312260170853185173e+02	-9.788869741243455991e+00
6.089303774030504428e+02	-2.677401638264763761e+01
5.655772589778696329e+02	-5.628474935794329070e+01
5.293024151501853112e+02	-1.103129981385476697e+02
4.709265060738399029e+02	-1.624961515163778358e+02
4.343312638606477663e+02	-2.137069535563450131e+02
3.784885980114813151e+02	-2.613532799440936287e+02
3.191098637829171025e+02	-3.110217262385342565e+02
2.766426981256964837e+02	-3.600091809251275095e+02
2.408411355368168643e+02	-4.096273311742050964e+02
1.978696468757464686e+02	-4.549893724051120216e+02
1.548942740393273141e+02	-5.068120334033101813e+02
1.244646326856365874e+02	-5.521898030872479239e+02
6.091120864969492459e+02	4.509210052691027926e+01
6.039395871743270163e+02	4.176262070589359610e+01
5.783942617471672065e+02	2.508725660873262697e+01
5.704247119442696885e+02	1.128166384689365032e+01
1.862240956387496453e+02	-3.694698572684953319e+02
1.620904304362227037e+02	-4.349400297057567286e+02
1.027347582492475624e+02	-4.555889199383817072e+02
8.061455817346018193e+01	-5.278729951392870134e+02
5.336532326038362726e+02	7.776832976785549079e+01
5.300909584689098892e+02	7.313560722777945955e+01
5.278957645529811771e+02	6.592567607211755387e+01
8.612536791472759035e+01	-4.447986880568291213e+02
4.227222902864865262e+01	-4.811465658479705780e+02
3.982695619590141067e+00	-5.329443720024809181e+02
4.559368018687385415e+02	1.080013722700145848e+02
4.461076795264016823e+02	7.441252606788843593e+01
-2.734563382563298717e+01	-4.738688712059708337e+02
-6.451167048717059060e+01	-5.251402569932816959e+02
3.861874544609318036e+02	1.424125373288495382e+02
-1.349916478301535960e+02	-5.026599313020994941e+02
3.093608929257895852e+02	1.765609244980287542e+02
-1.894136500705422463e+02	-4.441494945393619105e+02
2.351030622634725091e+02	2.035286463590689152e+02
-2.563361307561303306e+02	-4.532895741788066744e+02
1.596164452425630600e+02	2.364441510448947099e+02
-3.276937331436528780e+02	-4.252528090368204516e+02
8.012866813424454904e+01	2.670220697873423887e+02
-3.956937437197383929e+02	-3.967949738460551998e+02
1.791058508188973164e+01	2.995647520234629155e+02
-4.664071770551220766e+02	-3.607209930060282090e+02
-7.036621265394978764e+01	3.298773783633641870e+02
-5.335142546861226265e+02	-3.391728033365893680e+02
-1.496829142565241852e+02	3.570440123088547466e+02
-1.553900129319009977e+02	3.712960431435939768e+02
-5.654409900522846328e+02	-2.597042217105794180e+02
-6.049546245654294125e+02	-2.898351715924992504e+02
-2.217745114619584967e+02	3.633736195412072334e+02
-2.172377448985241415e+02	3.797080376874860690e+02
-2.656680037964849248e+02	3.855624640717194893e+02
-5.951163850052374755e+02	-1.711214230530711120e+02
-6.168154092594394342e+02	-2.252955933757391165e+02
-6.630226426352381850e+02	-2.614816937962175416e+02
-2.807156105147021208e+02	3.632715592422415511e+02
-2.867043919026662593e+02	3.762733569087752699e+02
-3.251733991115038407e+02	3.903609202569984973e+02
-3.598584562765674946e+02	3.483846862944515124e+02
-6.218577876318483959e+02	-1.011900936007908598e+02
-6.533583544417680287e+02	-1.481689352835757063e+02
-6.791051283246069943e+02	-2.050600313532579548e+02
-7.166926327344074252e+02	-2.567392907820815253e+02
-3.442183773916390237e+02	3.631866790853777616e+02
-3.402091909854916594e+02	3.811585803850352363e+02
-3.759203148442238103e+02	3.797879950722543754e+02
-3.990957350793589740e+02	3.514386399794333329e+02
-4.365376712685833240e+02	3.008139990181529129e+02
-4.260083368061855253e+02	2.471762014969158372e+02
-4.695273645985371331e+02	1.964036014814086570e+02
-5.238563840487335028e+02	1.294399812502635712e+02
-5.702805656438439428e+02	7.669569414460778489e+01
-5.883977207859046530e+02	1.628226151626549978e+01
-6.255278014847923487e+02	-3.964330758706895352e+01
-6.772921066764995430e+02	-7.018700419566228277e+01
-7.032789993616092943e+02	-1.306694552974163059e+02
-7.346301667646400801e+02	-1.873634955140966838e+02
-7.593746170687797985e+02	-2.449501887977711476e+02
7.073965044567939913e+02	1.127981949801052153e+01
6.874654346487819794e+02	-3.585568083842210374e+00
6.688518418125811422e+02	-2.059972529428799604e+01
6.517688675013803277e+02	-3.315869250384899658e+01
6.109990314682546568e+02	-6.493458969703425510e+01
5.880156400861959582e+02	-1.066899948281196941e+02
3.494418717635683151e+02	-3.305385452513605173e+02
2.990858843072384161e+02	-3.840637135357216607e+02
2.444580113553970193e+02	-4.236073140045203900e+02
2.065492026995085553e+02	-4.865634857916418241e+02
1.639066836268362124e+02	-5.492770470919698482e+02
1.258409209608419275e+02	-5.867549586437866083e+02
6.397704971418577315e+02	1.127129870917378485e+00
6.369133560788465047e+02	4.644157237306073682e+01
6.051351098601824106e+02	3.136304595456648059e+01
6.013132994603298584e+02	1.115608248680369030e+01
2.051864067701218630e+02	-4.242443666094355876e+02
1.608136473099302464e+02	-4.716885153680918847e+02
1.170181229275562487e+02	-5.178348851840431735e+02
7.552672690501748320e+01	-5.676896651245019711e+02
5.596953096465689441e+02	7.596381451889287462e+01
5.632924444010805018e+02	7.671355964901158586e+01
5.661557369209798907e+01	-5.034690486771855262e+02
2.048579525729453454e+00	-5.441941880361750918e+02
4.824323663186630711e+02	1.170364403544505905e+02
4.816170791074083013e+02	1.151071144905185832e+02
-2.763120394260521095e+01	-5.030158005269766477e+02
-6.575349845628414869e+01	-5.582734506560167347e+02
4.001756307457328035e+02	1.650426630292573407e+02
-1.340029047650318148e+02	-5.464563804387488517e+02
3.314368861998805755e+02	1.706967149155884726e+02
-2.003820304603479201e+02	-5.101986834401147348e+02
5.282719761580609408e+00	3.238401561298982756e+02
-4.822155491177118734e+02	-3.895457946892494192e+02
-7.500423967624419674e+01	3.451614523960516863e+02
-5.509292755744787655e+02	-3.157802610887594597e+02
-1.521412696235492490e+02	3.638928106175276866e+02
-1.678438482425656275e+02	3.919824410790974980e+02
-6.045790832813610223e+02	-2.752210306433291862e+02
-6.356118719332198452e+02	-3.097500940902270372e+02
-2.291767210669849533e+02	3.730236360829384807e+02
-2.370047063494524480e+02	3.876303389000556763e+02
-6.656037037725741357e+02	-2.365836433875325895e+02
-6.781181517383025721e+02	-2.897316951785587662e+02
-2.790770837347609472e+02	3.800065541501285793e+02
-3.010440951226260609e+02	4.018833084468386687e+02
-3.395077616166502139e+02	4.007737040472914600e+02
-3.795799000410640929e+02	3.854965606473385833e+02
-6.443999042137846800e+02	-1.014562542864104842e+02
-6.942467286776915216e+02	-1.628769557238430536e+02
-6.717199335019541877e+02	-2.076122888502454771e+02
-7.584335069842946950e+02	-2.513625246636846668e+02
-3.562710823299227627e+02	3.935393278063841649e+02
-3.671569891005780732e+02	4.367005828201484974e+02
-4.024279538260541358e+02	3.898726368768971611e+02
-4.336551824201897603e+02	3.764671677342378189e+02
-4.585307931271192388e+02	3.288084710039648257e+02
-4.655375875328176676e+02	2.680570500622303598e+02
-5.953930357680904990e+02	-4.367464980700989230e+01
-6.676192022457236135e+02	-3.014034805230638980e+01
-7.069369370802436379e+02	-8.452537033167558889e+01
-7.518876306321360516e+02	-1.170591246028331369e+02
-7.844879371534897246e+02	-1.966330932956213928e+02
-7.390451989699997739e+02	-2.604554454630720102e+02
7.383053370454255173e+02	1.546560806885892170e+01
7.107234685403806225e+02	-5.047065718947525426e+00
7.031135323328664981e+02	-1.497876351553477292e+01
6.715885607638412012e+02	-3.489959291770463068e+01
6.436851623278089392e+02	-7.000186821854791219e+01
5.931572968003915776e+02	-1.284492113829490449e+02
3.624133615847797500e+02	-3.483261472733375967e+02
3.299400931923375424e+02	-4.009093597951791139e+02
2.690378295779096334e+02	-4.617518636362661368e+02
2.210373760330180346e+02	-5.160733879323829569e+02
1.830543113742867547e+02	-5.674568254420435096e+02
1.252088524084542485e+02	-6.116106301743324138e+02
6.744652697475059995e+02	5.259503715520379785e+01
6.721862878234901473e+02	4.714592174075480102e+01
6.628943051353528517e+02	1.093819638480791312e+01
1.661700291942459558e+02	-5.016545280907442930e+02
1.294875066437763564e+02	-5.468462736943406526e+02
8.784987511220815293e+01	-5.982292237633092782e+02
5.907188776194217326e+02	6.048280402775041154e+01
5.932390645080984086e+02	8.103837846287385105e+01
5.036076553574127956e+01	-5.288920496269661271e+02
2.905111607064713386e+00	-5.926331259978410344e+02
5.089912315805771073e+02	1.313337415657500458e+02
-7.151593141818207755e+01	-5.912173915301949592e+02
4.273053874383599009e+02	1.679192660740316683e+02
-1.420678087830425511e+02	-5.771946700179634036e+02
3.301876774527535758e+02	1.888821063941198872e+02
-2.056738347005909304e+02	-5.383180362241866987e+02
1.759143744261782061e+01	2.936427974167849015e+02
-5.158394410353078001e+02	-4.109561355417881146e+02
-7.340947121697172406e+01	3.632720709973270914e+02
-5.801866330720041560e+02	-3.697942313918964601e+02
-1.481283521661940199e+02	4.001598288350325561e+02
-6.724191997857548131e+02	-3.484970433771165972e+02
-2.399346489527136441e+02	4.086644760347206784e+02
-2.469368786419896935e+02	4.200119560338475821e+02
-6.872510372646663654e+02	-2.439109043154287519e+02
-7.307121610440459563e+02	-3.018002575875354410e+02
-2.812131339756823536e+02	4.048140761047265528e+02
-3.186673489840439970e+02	4.215507708258684829e+02
-3.576486264663639076e+02	3.898436413298504704e+02
-7.340193728274678051e+02	-1.725591860031797182e+02
-7.699558185596007434e+02	-2.311946937868959537e+02
-8.046721910877433857e+02	-3.234004765935210912e+02
-3.686866808603434151e+02	4.097251023555611482e+02
-3.722183787858080564e+02	4.249499099617702313e+02
-4.140075198568969768e+02	4.254485856666782411e+02
-4.419523679148363726e+02	3.767270692906379850e+02
-4.843877643007115239e+02	3.406312877140424007e+02
-5.143245731178406004e+02	2.936187693695932239e+02
-6.513500171810005668e+02	1.968734119101079427e+00
-7.024773025307441685e+02	-4.411601562334026738e+01
-7.365765282152913187e+02	-7.967441378031161037e+01
-7.731379468793406886e+02	-1.390407828776024246e+02
-8.267387562273496542e+02	-2.078782371171699310e+02
-8.653870052772400641e+02	-2.557777484419231939e+02
